{"loss": 1.2960870198859844, "precision": 44.33333206176758, "recall": 39.233036041259766, "_timestamp": 1733385095.8057706, "_runtime": 1384.7739317417145, "_step": 149, "_wandb": {"runtime": 1385}}