{"loss": 1.2398721989382386, "precision": 45.36082458496094, "recall": 38.938053131103516, "_timestamp": 1733399756.3076568, "_runtime": 1360.3127908706665, "_step": 149, "_wandb": {"runtime": 1360}}