{"loss": 1.2598567826896359, "precision": 49.49152374267578, "recall": 43.06784439086914, "_timestamp": 1733406279.6274624, "_runtime": 1499.00536942482, "_step": 149, "_wandb": {"runtime": 1499}}