{"loss": 1.2694875080330652, "precision": 47.826087951660156, "recall": 42.18288803100586, "_timestamp": 1733318127.1161957, "_runtime": 1128.7659866809845, "_step": 149, "_wandb": {"runtime": 1129}}